-- Concert
INSERT INTO concert (id, title, created_at, updated_at, deleted_at) VALUES    (1, '싸이흠뻑쇼(서울)', CURRENT_TIMESTAMP, CURRENT_TIMESTAMP, NULL);

INSERT INTO concert (id, title, created_at, updated_at, deleted_at) VALUES    (2, '싸이흠뻑쇼(부산)', CURRENT_TIMESTAMP, CURRENT_TIMESTAMP, NULL);

-- ConcertSchedule
INSERT INTO concert_schedule (id, concert_id, perform_date, total_seat, available_seat_num, available_status, created_at, updated_at, deleted_at) VALUES (1, 1, '2024-11-20', 50, 50, 'AVAILABLE', CURRENT_TIMESTAMP, CURRENT_TIMESTAMP, NULL);
INSERT INTO concert_schedule (id, concert_id, perform_date, total_seat, available_seat_num, available_status, created_at, updated_at, deleted_at) VALUES (2, 1, '2024-11-21', 50, 50, 'AVAILABLE', CURRENT_TIMESTAMP, CURRENT_TIMESTAMP, NULL);
INSERT INTO concert_schedule (id, concert_id, perform_date, total_seat, available_seat_num, available_status, created_at, updated_at, deleted_at) VALUES (3, 1, '2024-11-22', 50, 50, 'AVAILABLE', CURRENT_TIMESTAMP, CURRENT_TIMESTAMP, NULL);
INSERT INTO concert_schedule (id, concert_id, perform_date, total_seat, available_seat_num, available_status, created_at, updated_at, deleted_at) VALUES (4, 1, '2024-11-23', 50, 50, 'AVAILABLE', CURRENT_TIMESTAMP, CURRENT_TIMESTAMP, NULL);
INSERT INTO concert_schedule (id, concert_id, perform_date, total_seat, available_seat_num, available_status, created_at, updated_at, deleted_at) VALUES (5, 1, '2024-11-24', 50, 50, 'AVAILABLE', CURRENT_TIMESTAMP, CURRENT_TIMESTAMP, NULL);
INSERT INTO concert_schedule (id, concert_id, perform_date, total_seat, available_seat_num, available_status, created_at, updated_at, deleted_at) VALUES (6, 1, '2024-11-25', 50, 50, 'AVAILABLE', CURRENT_TIMESTAMP, CURRENT_TIMESTAMP, NULL);
INSERT INTO concert_schedule (id, concert_id, perform_date, total_seat, available_seat_num, available_status, created_at, updated_at, deleted_at) VALUES (7, 1, '2024-11-26', 50, 50, 'AVAILABLE', CURRENT_TIMESTAMP, CURRENT_TIMESTAMP, NULL);
INSERT INTO concert_schedule (id, concert_id, perform_date, total_seat, available_seat_num, available_status, created_at, updated_at, deleted_at) VALUES (8, 1, '2024-11-27', 50, 50, 'AVAILABLE', CURRENT_TIMESTAMP, CURRENT_TIMESTAMP, NULL);
INSERT INTO concert_schedule (id, concert_id, perform_date, total_seat, available_seat_num, available_status, created_at, updated_at, deleted_at) VALUES (9, 1, '2024-11-28', 50, 50, 'AVAILABLE', CURRENT_TIMESTAMP, CURRENT_TIMESTAMP, NULL);
INSERT INTO concert_schedule (id, concert_id, perform_date, total_seat, available_seat_num, available_status, created_at, updated_at, deleted_at) VALUES (10, 1, '2024-11-29', 50, 50, 'AVAILABLE', CURRENT_TIMESTAMP, CURRENT_TIMESTAMP, NULL);
INSERT INTO concert_schedule (id, concert_id, perform_date, total_seat, available_seat_num, available_status, created_at, updated_at, deleted_at) VALUES (11, 1, '2024-11-30', 50, 50, 'AVAILABLE', CURRENT_TIMESTAMP, CURRENT_TIMESTAMP, NULL);
INSERT INTO concert_schedule (id, concert_id, perform_date, total_seat, available_seat_num, available_status, created_at, updated_at, deleted_at) VALUES (12, 1, '2024-12-01', 50, 50, 'AVAILABLE', CURRENT_TIMESTAMP, CURRENT_TIMESTAMP, NULL);
INSERT INTO concert_schedule (id, concert_id, perform_date, total_seat, available_seat_num, available_status, created_at, updated_at, deleted_at) VALUES (13, 1, '2024-12-02', 50, 50, 'AVAILABLE', CURRENT_TIMESTAMP, CURRENT_TIMESTAMP, NULL);
INSERT INTO concert_schedule (id, concert_id, perform_date, total_seat, available_seat_num, available_status, created_at, updated_at, deleted_at) VALUES (14, 1, '2024-12-03', 50, 50, 'AVAILABLE', CURRENT_TIMESTAMP, CURRENT_TIMESTAMP, NULL);
INSERT INTO concert_schedule (id, concert_id, perform_date, total_seat, available_seat_num, available_status, created_at, updated_at, deleted_at) VALUES (15, 1, '2024-12-04', 50, 50, 'AVAILABLE', CURRENT_TIMESTAMP, CURRENT_TIMESTAMP, NULL);
INSERT INTO concert_schedule (id, concert_id, perform_date, total_seat, available_seat_num, available_status, created_at, updated_at, deleted_at) VALUES (16, 1, '2024-12-05', 50, 50, 'AVAILABLE', CURRENT_TIMESTAMP, CURRENT_TIMESTAMP, NULL);
INSERT INTO concert_schedule (id, concert_id, perform_date, total_seat, available_seat_num, available_status, created_at, updated_at, deleted_at) VALUES (17, 1, '2024-12-06', 50, 50, 'AVAILABLE', CURRENT_TIMESTAMP, CURRENT_TIMESTAMP, NULL);
INSERT INTO concert_schedule (id, concert_id, perform_date, total_seat, available_seat_num, available_status, created_at, updated_at, deleted_at) VALUES (18, 1, '2024-12-07', 50, 50, 'AVAILABLE', CURRENT_TIMESTAMP, CURRENT_TIMESTAMP, NULL);
INSERT INTO concert_schedule (id, concert_id, perform_date, total_seat, available_seat_num, available_status, created_at, updated_at, deleted_at) VALUES (19, 1, '2024-12-08', 50, 50, 'AVAILABLE', CURRENT_TIMESTAMP, CURRENT_TIMESTAMP, NULL);
INSERT INTO concert_schedule (id, concert_id, perform_date, total_seat, available_seat_num, available_status, created_at, updated_at, deleted_at) VALUES (20, 1, '2024-12-09', 50, 50, 'AVAILABLE', CURRENT_TIMESTAMP, CURRENT_TIMESTAMP, NULL);
INSERT INTO concert_schedule (id, concert_id, perform_date, total_seat, available_seat_num, available_status, created_at, updated_at, deleted_at) VALUES (21, 1, '2024-12-10', 50, 50, 'AVAILABLE', CURRENT_TIMESTAMP, CURRENT_TIMESTAMP, NULL);
INSERT INTO concert_schedule (id, concert_id, perform_date, total_seat, available_seat_num, available_status, created_at, updated_at, deleted_at) VALUES (22, 1, '2024-12-11', 50, 50, 'AVAILABLE', CURRENT_TIMESTAMP, CURRENT_TIMESTAMP, NULL);
INSERT INTO concert_schedule (id, concert_id, perform_date, total_seat, available_seat_num, available_status, created_at, updated_at, deleted_at) VALUES (23, 1, '2024-12-12', 50, 50, 'AVAILABLE', CURRENT_TIMESTAMP, CURRENT_TIMESTAMP, NULL);
INSERT INTO concert_schedule (id, concert_id, perform_date, total_seat, available_seat_num, available_status, created_at, updated_at, deleted_at) VALUES (24, 1, '2024-12-13', 50, 50, 'AVAILABLE', CURRENT_TIMESTAMP, CURRENT_TIMESTAMP, NULL);
INSERT INTO concert_schedule (id, concert_id, perform_date, total_seat, available_seat_num, available_status, created_at, updated_at, deleted_at) VALUES (25, 1, '2024-12-14', 50, 50, 'AVAILABLE', CURRENT_TIMESTAMP, CURRENT_TIMESTAMP, NULL);
INSERT INTO concert_schedule (id, concert_id, perform_date, total_seat, available_seat_num, available_status, created_at, updated_at, deleted_at) VALUES (26, 1, '2024-12-15', 50, 50, 'AVAILABLE', CURRENT_TIMESTAMP, CURRENT_TIMESTAMP, NULL);
INSERT INTO concert_schedule (id, concert_id, perform_date, total_seat, available_seat_num, available_status, created_at, updated_at, deleted_at) VALUES (27, 1, '2024-12-16', 50, 50, 'AVAILABLE', CURRENT_TIMESTAMP, CURRENT_TIMESTAMP, NULL);
INSERT INTO concert_schedule (id, concert_id, perform_date, total_seat, available_seat_num, available_status, created_at, updated_at, deleted_at) VALUES (28, 1, '2024-12-17', 50, 50, 'AVAILABLE', CURRENT_TIMESTAMP, CURRENT_TIMESTAMP, NULL);
INSERT INTO concert_schedule (id, concert_id, perform_date, total_seat, available_seat_num, available_status, created_at, updated_at, deleted_at) VALUES (29, 1, '2024-12-18', 50, 50, 'AVAILABLE', CURRENT_TIMESTAMP, CURRENT_TIMESTAMP, NULL);
INSERT INTO concert_schedule (id, concert_id, perform_date, total_seat, available_seat_num, available_status, created_at, updated_at, deleted_at) VALUES (30, 1, '2024-12-19', 50, 50, 'AVAILABLE', CURRENT_TIMESTAMP, CURRENT_TIMESTAMP, NULL);
INSERT INTO concert_schedule (id, concert_id, perform_date, total_seat, available_seat_num, available_status, created_at, updated_at, deleted_at) VALUES (31, 1, '2024-12-20', 50, 50, 'AVAILABLE', CURRENT_TIMESTAMP, CURRENT_TIMESTAMP, NULL);
INSERT INTO concert_schedule (id, concert_id, perform_date, total_seat, available_seat_num, available_status, created_at, updated_at, deleted_at) VALUES (32, 1, '2024-12-21', 50, 50, 'AVAILABLE', CURRENT_TIMESTAMP, CURRENT_TIMESTAMP, NULL);
INSERT INTO concert_schedule (id, concert_id, perform_date, total_seat, available_seat_num, available_status, created_at, updated_at, deleted_at) VALUES (33, 1, '2024-12-22', 50, 50, 'AVAILABLE', CURRENT_TIMESTAMP, CURRENT_TIMESTAMP, NULL);
INSERT INTO concert_schedule (id, concert_id, perform_date, total_seat, available_seat_num, available_status, created_at, updated_at, deleted_at) VALUES (34, 1, '2024-12-23', 50, 50, 'AVAILABLE', CURRENT_TIMESTAMP, CURRENT_TIMESTAMP, NULL);
INSERT INTO concert_schedule (id, concert_id, perform_date, total_seat, available_seat_num, available_status, created_at, updated_at, deleted_at) VALUES (35, 1, '2024-12-24', 50, 50, 'AVAILABLE', CURRENT_TIMESTAMP, CURRENT_TIMESTAMP, NULL);
INSERT INTO concert_schedule (id, concert_id, perform_date, total_seat, available_seat_num, available_status, created_at, updated_at, deleted_at) VALUES (36, 1, '2024-12-25', 50, 50, 'AVAILABLE', CURRENT_TIMESTAMP, CURRENT_TIMESTAMP, NULL);
INSERT INTO concert_schedule (id, concert_id, perform_date, total_seat, available_seat_num, available_status, created_at, updated_at, deleted_at) VALUES (37, 1, '2024-12-26', 50, 50, 'AVAILABLE', CURRENT_TIMESTAMP, CURRENT_TIMESTAMP, NULL);
INSERT INTO concert_schedule (id, concert_id, perform_date, total_seat, available_seat_num, available_status, created_at, updated_at, deleted_at) VALUES (38, 1, '2024-12-27', 50, 50, 'AVAILABLE', CURRENT_TIMESTAMP, CURRENT_TIMESTAMP, NULL);
INSERT INTO concert_schedule (id, concert_id, perform_date, total_seat, available_seat_num, available_status, created_at, updated_at, deleted_at) VALUES (39, 1, '2024-12-28', 50, 50, 'AVAILABLE', CURRENT_TIMESTAMP, CURRENT_TIMESTAMP, NULL);
INSERT INTO concert_schedule (id, concert_id, perform_date, total_seat, available_seat_num, available_status, created_at, updated_at, deleted_at) VALUES (40, 1, '2024-12-29', 50, 50, 'AVAILABLE', CURRENT_TIMESTAMP, CURRENT_TIMESTAMP, NULL);
INSERT INTO concert_schedule (id, concert_id, perform_date, total_seat, available_seat_num, available_status, created_at, updated_at, deleted_at) VALUES (41, 1, '2024-12-30', 50, 50, 'AVAILABLE', CURRENT_TIMESTAMP, CURRENT_TIMESTAMP, NULL);
INSERT INTO concert_schedule (id, concert_id, perform_date, total_seat, available_seat_num, available_status, created_at, updated_at, deleted_at) VALUES (42, 1, '2024-12-31', 50, 50, 'AVAILABLE', CURRENT_TIMESTAMP, CURRENT_TIMESTAMP, NULL);

-- concert_id가 2인 2024년 11월 20일부터 12월 31일까지 AVAILABLE 상태로 추가
INSERT INTO concert_schedule (id, concert_id, perform_date, total_seat, available_seat_num, available_status, created_at, updated_at, deleted_at) VALUES (43, 2, '2024-11-20', 50, 50, 'AVAILABLE', CURRENT_TIMESTAMP, CURRENT_TIMESTAMP, NULL);
INSERT INTO concert_schedule (id, concert_id, perform_date, total_seat, available_seat_num, available_status, created_at, updated_at, deleted_at) VALUES (44, 2, '2024-11-21', 50, 50, 'AVAILABLE', CURRENT_TIMESTAMP, CURRENT_TIMESTAMP, NULL);
INSERT INTO concert_schedule (id, concert_id, perform_date, total_seat, available_seat_num, available_status, created_at, updated_at, deleted_at) VALUES (45, 2, '2024-11-22', 50, 50, 'AVAILABLE', CURRENT_TIMESTAMP, CURRENT_TIMESTAMP, NULL);
INSERT INTO concert_schedule (id, concert_id, perform_date, total_seat, available_seat_num, available_status, created_at, updated_at, deleted_at) VALUES (46, 2, '2024-11-23', 50, 50, 'AVAILABLE', CURRENT_TIMESTAMP, CURRENT_TIMESTAMP, NULL);
INSERT INTO concert_schedule (id, concert_id, perform_date, total_seat, available_seat_num, available_status, created_at, updated_at, deleted_at) VALUES (47, 2, '2024-11-24', 50, 50, 'AVAILABLE', CURRENT_TIMESTAMP, CURRENT_TIMESTAMP, NULL);
INSERT INTO concert_schedule (id, concert_id, perform_date, total_seat, available_seat_num, available_status, created_at, updated_at, deleted_at) VALUES (48, 2, '2024-11-25', 50, 50, 'AVAILABLE', CURRENT_TIMESTAMP, CURRENT_TIMESTAMP, NULL);
INSERT INTO concert_schedule (id, concert_id, perform_date, total_seat, available_seat_num, available_status, created_at, updated_at, deleted_at) VALUES (49, 2, '2024-11-26', 50, 50, 'AVAILABLE', CURRENT_TIMESTAMP, CURRENT_TIMESTAMP, NULL);
INSERT INTO concert_schedule (id, concert_id, perform_date, total_seat, available_seat_num, available_status, created_at, updated_at, deleted_at) VALUES (50, 2, '2024-11-27', 50, 50, 'AVAILABLE', CURRENT_TIMESTAMP, CURRENT_TIMESTAMP, NULL);
INSERT INTO concert_schedule (id, concert_id, perform_date, total_seat, available_seat_num, available_status, created_at, updated_at, deleted_at) VALUES (51, 2, '2024-11-28', 50, 50, 'AVAILABLE', CURRENT_TIMESTAMP, CURRENT_TIMESTAMP, NULL);
INSERT INTO concert_schedule (id, concert_id, perform_date, total_seat, available_seat_num, available_status, created_at, updated_at, deleted_at) VALUES (52, 2, '2024-11-29', 50, 50, 'AVAILABLE', CURRENT_TIMESTAMP, CURRENT_TIMESTAMP, NULL);
INSERT INTO concert_schedule (id, concert_id, perform_date, total_seat, available_seat_num, available_status, created_at, updated_at, deleted_at) VALUES (53, 2, '2024-11-30', 50, 50, 'AVAILABLE', CURRENT_TIMESTAMP, CURRENT_TIMESTAMP, NULL);
INSERT INTO concert_schedule (id, concert_id, perform_date, total_seat, available_seat_num, available_status, created_at, updated_at, deleted_at) VALUES (54, 2, '2024-12-01', 50, 50, 'AVAILABLE', CURRENT_TIMESTAMP, CURRENT_TIMESTAMP, NULL);
INSERT INTO concert_schedule (id, concert_id, perform_date, total_seat, available_seat_num, available_status, created_at, updated_at, deleted_at) VALUES (55, 2, '2024-12-02', 50, 50, 'AVAILABLE', CURRENT_TIMESTAMP, CURRENT_TIMESTAMP, NULL);
INSERT INTO concert_schedule (id, concert_id, perform_date, total_seat, available_seat_num, available_status, created_at, updated_at, deleted_at) VALUES (56, 2, '2024-12-03', 50, 50, 'AVAILABLE', CURRENT_TIMESTAMP, CURRENT_TIMESTAMP, NULL);
INSERT INTO concert_schedule (id, concert_id, perform_date, total_seat, available_seat_num, available_status, created_at, updated_at, deleted_at) VALUES (57, 2, '2024-12-04', 50, 50, 'AVAILABLE', CURRENT_TIMESTAMP, CURRENT_TIMESTAMP, NULL);
INSERT INTO concert_schedule (id, concert_id, perform_date, total_seat, available_seat_num, available_status, created_at, updated_at, deleted_at) VALUES (58, 2, '2024-12-05', 50, 50, 'AVAILABLE', CURRENT_TIMESTAMP, CURRENT_TIMESTAMP, NULL);
INSERT INTO concert_schedule (id, concert_id, perform_date, total_seat, available_seat_num, available_status, created_at, updated_at, deleted_at) VALUES (59, 2, '2024-12-06', 50, 50, 'AVAILABLE', CURRENT_TIMESTAMP, CURRENT_TIMESTAMP, NULL);
INSERT INTO concert_schedule (id, concert_id, perform_date, total_seat, available_seat_num, available_status, created_at, updated_at, deleted_at) VALUES (60, 2, '2024-12-07', 50, 50, 'AVAILABLE', CURRENT_TIMESTAMP, CURRENT_TIMESTAMP, NULL);
INSERT INTO concert_schedule (id, concert_id, perform_date, total_seat, available_seat_num, available_status, created_at, updated_at, deleted_at) VALUES (61, 2, '2024-12-08', 50, 50, 'AVAILABLE', CURRENT_TIMESTAMP, CURRENT_TIMESTAMP, NULL);
INSERT INTO concert_schedule (id, concert_id, perform_date, total_seat, available_seat_num, available_status, created_at, updated_at, deleted_at) VALUES (62, 2, '2024-12-09', 50, 50, 'AVAILABLE', CURRENT_TIMESTAMP, CURRENT_TIMESTAMP, NULL);
INSERT INTO concert_schedule (id, concert_id, perform_date, total_seat, available_seat_num, available_status, created_at, updated_at, deleted_at) VALUES (63, 2, '2024-12-10', 50, 50, 'AVAILABLE', CURRENT_TIMESTAMP, CURRENT_TIMESTAMP, NULL);
INSERT INTO concert_schedule (id, concert_id, perform_date, total_seat, available_seat_num, available_status, created_at, updated_at, deleted_at) VALUES (64, 2, '2024-12-11', 50, 50, 'AVAILABLE', CURRENT_TIMESTAMP, CURRENT_TIMESTAMP, NULL);
INSERT INTO concert_schedule (id, concert_id, perform_date, total_seat, available_seat_num, available_status, created_at, updated_at, deleted_at) VALUES (65, 2, '2024-12-12', 50, 50, 'AVAILABLE', CURRENT_TIMESTAMP, CURRENT_TIMESTAMP, NULL);
INSERT INTO concert_schedule (id, concert_id, perform_date, total_seat, available_seat_num, available_status, created_at, updated_at, deleted_at) VALUES (66, 2, '2024-12-13', 50, 50, 'AVAILABLE', CURRENT_TIMESTAMP, CURRENT_TIMESTAMP, NULL);
INSERT INTO concert_schedule (id, concert_id, perform_date, total_seat, available_seat_num, available_status, created_at, updated_at, deleted_at) VALUES (67, 2, '2024-12-14', 50, 50, 'AVAILABLE', CURRENT_TIMESTAMP, CURRENT_TIMESTAMP, NULL);
INSERT INTO concert_schedule (id, concert_id, perform_date, total_seat, available_seat_num, available_status, created_at, updated_at, deleted_at) VALUES (68, 2, '2024-12-15', 50, 50, 'AVAILABLE', CURRENT_TIMESTAMP, CURRENT_TIMESTAMP, NULL);
INSERT INTO concert_schedule (id, concert_id, perform_date, total_seat, available_seat_num, available_status, created_at, updated_at, deleted_at) VALUES (69, 2, '2024-12-16', 50, 50, 'AVAILABLE', CURRENT_TIMESTAMP, CURRENT_TIMESTAMP, NULL);
INSERT INTO concert_schedule (id, concert_id, perform_date, total_seat, available_seat_num, available_status, created_at, updated_at, deleted_at) VALUES (70, 2, '2024-12-17', 50, 50, 'AVAILABLE', CURRENT_TIMESTAMP, CURRENT_TIMESTAMP, NULL);
INSERT INTO concert_schedule (id, concert_id, perform_date, total_seat, available_seat_num, available_status, created_at, updated_at, deleted_at) VALUES (71, 2, '2024-12-18', 50, 50, 'AVAILABLE', CURRENT_TIMESTAMP, CURRENT_TIMESTAMP, NULL);
INSERT INTO concert_schedule (id, concert_id, perform_date, total_seat, available_seat_num, available_status, created_at, updated_at, deleted_at) VALUES (72, 2, '2024-12-19', 50, 50, 'AVAILABLE', CURRENT_TIMESTAMP, CURRENT_TIMESTAMP, NULL);
INSERT INTO concert_schedule (id, concert_id, perform_date, total_seat, available_seat_num, available_status, created_at, updated_at, deleted_at) VALUES (73, 2, '2024-12-20', 50, 50, 'AVAILABLE', CURRENT_TIMESTAMP, CURRENT_TIMESTAMP, NULL);
INSERT INTO concert_schedule (id, concert_id, perform_date, total_seat, available_seat_num, available_status, created_at, updated_at, deleted_at) VALUES (74, 2, '2024-12-21', 50, 50, 'AVAILABLE', CURRENT_TIMESTAMP, CURRENT_TIMESTAMP, NULL);
INSERT INTO concert_schedule (id, concert_id, perform_date, total_seat, available_seat_num, available_status, created_at, updated_at, deleted_at) VALUES (75, 2, '2024-12-22', 50, 50, 'AVAILABLE', CURRENT_TIMESTAMP, CURRENT_TIMESTAMP, NULL);
INSERT INTO concert_schedule (id, concert_id, perform_date, total_seat, available_seat_num, available_status, created_at, updated_at, deleted_at) VALUES (76, 2, '2024-12-23', 50, 50, 'AVAILABLE', CURRENT_TIMESTAMP, CURRENT_TIMESTAMP, NULL);
INSERT INTO concert_schedule (id, concert_id, perform_date, total_seat, available_seat_num, available_status, created_at, updated_at, deleted_at) VALUES (77, 2, '2024-12-24', 50, 50, 'AVAILABLE', CURRENT_TIMESTAMP, CURRENT_TIMESTAMP, NULL);
INSERT INTO concert_schedule (id, concert_id, perform_date, total_seat, available_seat_num, available_status, created_at, updated_at, deleted_at) VALUES (78, 2, '2024-12-25', 50, 50, 'AVAILABLE', CURRENT_TIMESTAMP, CURRENT_TIMESTAMP, NULL);
INSERT INTO concert_schedule (id, concert_id, perform_date, total_seat, available_seat_num, available_status, created_at, updated_at, deleted_at) VALUES (79, 2, '2024-12-26', 50, 50, 'AVAILABLE', CURRENT_TIMESTAMP, CURRENT_TIMESTAMP, NULL);
INSERT INTO concert_schedule (id, concert_id, perform_date, total_seat, available_seat_num, available_status, created_at, updated_at, deleted_at) VALUES (80, 2, '2024-12-27', 50, 50, 'AVAILABLE', CURRENT_TIMESTAMP, CURRENT_TIMESTAMP, NULL);
INSERT INTO concert_schedule (id, concert_id, perform_date, total_seat, available_seat_num, available_status, created_at, updated_at, deleted_at) VALUES (81, 2, '2024-12-28', 50, 50, 'AVAILABLE', CURRENT_TIMESTAMP, CURRENT_TIMESTAMP, NULL);
INSERT INTO concert_schedule (id, concert_id, perform_date, total_seat, available_seat_num, available_status, created_at, updated_at, deleted_at) VALUES (82, 2, '2024-12-29', 50, 50, 'AVAILABLE', CURRENT_TIMESTAMP, CURRENT_TIMESTAMP, NULL);
INSERT INTO concert_schedule (id, concert_id, perform_date, total_seat, available_seat_num, available_status, created_at, updated_at, deleted_at) VALUES (83, 2, '2024-12-30', 50, 50, 'AVAILABLE', CURRENT_TIMESTAMP, CURRENT_TIMESTAMP, NULL);
INSERT INTO concert_schedule (id, concert_id, perform_date, total_seat, available_seat_num, available_status, created_at, updated_at, deleted_at) VALUES (84, 2, '2024-12-31', 50, 50, 'AVAILABLE', CURRENT_TIMESTAMP, CURRENT_TIMESTAMP, NULL);

-- concert_schedule_id가 3인 경우
INSERT INTO concert_seat (id, concert_schedule_id, seat_num, seat_type, seat_price, seat_status, version, created_at, updated_at, deleted_at) VALUES (21, 3, 'S1', 'S', 30000, 'AVAILABLE', 1, CURRENT_TIMESTAMP, CURRENT_TIMESTAMP, NULL);
INSERT INTO concert_seat (id, concert_schedule_id, seat_num, seat_type, seat_price, seat_status, version, created_at, updated_at, deleted_at) VALUES (22, 3, 'S2', 'S', 30000, 'AVAILABLE', 1, CURRENT_TIMESTAMP, CURRENT_TIMESTAMP, NULL);
INSERT INTO concert_seat (id, concert_schedule_id, seat_num, seat_type, seat_price, seat_status, version, created_at, updated_at, deleted_at) VALUES (23, 3, 'R1', 'R', 25000, 'AVAILABLE', 1, CURRENT_TIMESTAMP, CURRENT_TIMESTAMP, NULL);
INSERT INTO concert_seat (id, concert_schedule_id, seat_num, seat_type, seat_price, seat_status, version, created_at, updated_at, deleted_at) VALUES (24, 3, 'R2', 'R', 25000, 'AVAILABLE', 1, CURRENT_TIMESTAMP, CURRENT_TIMESTAMP, NULL);
INSERT INTO concert_seat (id, concert_schedule_id, seat_num, seat_type, seat_price, seat_status, version, created_at, updated_at, deleted_at) VALUES (25, 3, 'A1', 'A', 20000, 'AVAILABLE', 1, CURRENT_TIMESTAMP, CURRENT_TIMESTAMP, NULL);
INSERT INTO concert_seat (id, concert_schedule_id, seat_num, seat_type, seat_price, seat_status, version, created_at, updated_at, deleted_at) VALUES (26, 3, 'A2', 'A', 20000, 'AVAILABLE', 1, CURRENT_TIMESTAMP, CURRENT_TIMESTAMP, NULL);
INSERT INTO concert_seat (id, concert_schedule_id, seat_num, seat_type, seat_price, seat_status, version, created_at, updated_at, deleted_at) VALUES (27, 3, 'A3', 'A', 20000, 'AVAILABLE', 1, CURRENT_TIMESTAMP, CURRENT_TIMESTAMP, NULL);
INSERT INTO concert_seat (id, concert_schedule_id, seat_num, seat_type, seat_price, seat_status, version, created_at, updated_at, deleted_at) VALUES (28, 3, 'A4', 'A', 20000, 'AVAILABLE', 1, CURRENT_TIMESTAMP, CURRENT_TIMESTAMP, NULL);
INSERT INTO concert_seat (id, concert_schedule_id, seat_num, seat_type, seat_price, seat_status, version, created_at, updated_at, deleted_at) VALUES (29, 3, 'A5', 'A', 20000, 'AVAILABLE', 1, CURRENT_TIMESTAMP, CURRENT_TIMESTAMP, NULL);
INSERT INTO concert_seat (id, concert_schedule_id, seat_num, seat_type, seat_price, seat_status, version, created_at, updated_at, deleted_at) VALUES (30, 3, 'A6', 'A', 20000, 'AVAILABLE', 1, CURRENT_TIMESTAMP, CURRENT_TIMESTAMP, NULL);

-- concert_schedule_id가 4인 경우
INSERT INTO concert_seat (id, concert_schedule_id, seat_num, seat_type, seat_price, seat_status, version, created_at, updated_at, deleted_at) VALUES (31, 4, 'S1', 'S', 30000, 'AVAILABLE', 1, CURRENT_TIMESTAMP, CURRENT_TIMESTAMP, NULL);
INSERT INTO concert_seat (id, concert_schedule_id, seat_num, seat_type, seat_price, seat_status, version, created_at, updated_at, deleted_at) VALUES (32, 4, 'S2', 'S', 30000, 'AVAILABLE', 1, CURRENT_TIMESTAMP, CURRENT_TIMESTAMP, NULL);
INSERT INTO concert_seat (id, concert_schedule_id, seat_num, seat_type, seat_price, seat_status, version, created_at, updated_at, deleted_at) VALUES (33, 4, 'R1', 'R', 25000, 'AVAILABLE', 1, CURRENT_TIMESTAMP, CURRENT_TIMESTAMP, NULL);
INSERT INTO concert_seat (id, concert_schedule_id, seat_num, seat_type, seat_price, seat_status, version, created_at, updated_at, deleted_at) VALUES (34, 4, 'R2', 'R', 25000, 'AVAILABLE', 1, CURRENT_TIMESTAMP, CURRENT_TIMESTAMP, NULL);
INSERT INTO concert_seat (id, concert_schedule_id, seat_num, seat_type, seat_price, seat_status, version, created_at, updated_at, deleted_at) VALUES (35, 4, 'A1', 'A', 20000, 'AVAILABLE', 1, CURRENT_TIMESTAMP, CURRENT_TIMESTAMP, NULL);
INSERT INTO concert_seat (id, concert_schedule_id, seat_num, seat_type, seat_price, seat_status, version, created_at, updated_at, deleted_at) VALUES (36, 4, 'A2', 'A', 20000, 'AVAILABLE', 1, CURRENT_TIMESTAMP, CURRENT_TIMESTAMP, NULL);
INSERT INTO concert_seat (id, concert_schedule_id, seat_num, seat_type, seat_price, seat_status, version, created_at, updated_at, deleted_at) VALUES (37, 4, 'A3', 'A', 20000, 'AVAILABLE', 1, CURRENT_TIMESTAMP, CURRENT_TIMESTAMP, NULL);
INSERT INTO concert_seat (id, concert_schedule_id, seat_num, seat_type, seat_price, seat_status, version, created_at, updated_at, deleted_at) VALUES (38, 4, 'A4', 'A', 20000, 'AVAILABLE', 1, CURRENT_TIMESTAMP, CURRENT_TIMESTAMP, NULL);
INSERT INTO concert_seat (id, concert_schedule_id, seat_num, seat_type, seat_price, seat_status, version, created_at, updated_at, deleted_at) VALUES (39, 4, 'A5', 'A', 20000, 'AVAILABLE', 1, CURRENT_TIMESTAMP, CURRENT_TIMESTAMP, NULL);
INSERT INTO concert_seat (id, concert_schedule_id, seat_num, seat_type, seat_price, seat_status, version, created_at, updated_at, deleted_at) VALUES (40, 4, 'A6', 'A', 20000, 'AVAILABLE', 1, CURRENT_TIMESTAMP, CURRENT_TIMESTAMP, NULL);

-- concert_schedule_id가 5인 경우
INSERT INTO concert_seat (id, concert_schedule_id, seat_num, seat_type, seat_price, seat_status, version, created_at, updated_at, deleted_at) VALUES (41, 5, 'S1', 'S', 30000, 'AVAILABLE', 1, CURRENT_TIMESTAMP, CURRENT_TIMESTAMP, NULL);
INSERT INTO concert_seat (id, concert_schedule_id, seat_num, seat_type, seat_price, seat_status, version, created_at, updated_at, deleted_at) VALUES (42, 5, 'S2', 'S', 30000, 'AVAILABLE', 1, CURRENT_TIMESTAMP, CURRENT_TIMESTAMP, NULL);
INSERT INTO concert_seat (id, concert_schedule_id, seat_num, seat_type, seat_price, seat_status, version, created_at, updated_at, deleted_at) VALUES (43, 5, 'R1', 'R', 25000, 'AVAILABLE', 1, CURRENT_TIMESTAMP, CURRENT_TIMESTAMP, NULL);
INSERT INTO concert_seat (id, concert_schedule_id, seat_num, seat_type, seat_price, seat_status, version, created_at, updated_at, deleted_at) VALUES (44, 5, 'R2', 'R', 25000, 'AVAILABLE', 1, CURRENT_TIMESTAMP, CURRENT_TIMESTAMP, NULL);
INSERT INTO concert_seat (id, concert_schedule_id, seat_num, seat_type, seat_price, seat_status, version, created_at, updated_at, deleted_at) VALUES (45, 5, 'A1', 'A', 20000, 'AVAILABLE', 1, CURRENT_TIMESTAMP, CURRENT_TIMESTAMP, NULL);
INSERT INTO concert_seat (id, concert_schedule_id, seat_num, seat_type, seat_price, seat_status, version, created_at, updated_at, deleted_at) VALUES (46, 5, 'A2', 'A', 20000, 'AVAILABLE', 1, CURRENT_TIMESTAMP, CURRENT_TIMESTAMP, NULL);
INSERT INTO concert_seat (id, concert_schedule_id, seat_num, seat_type, seat_price, seat_status, version, created_at, updated_at, deleted_at) VALUES (47, 5, 'A3', 'A', 20000, 'AVAILABLE', 1, CURRENT_TIMESTAMP, CURRENT_TIMESTAMP, NULL);
INSERT INTO concert_seat (id, concert_schedule_id, seat_num, seat_type, seat_price, seat_status, version, created_at, updated_at, deleted_at) VALUES (48, 5, 'A4', 'A', 20000, 'AVAILABLE', 1, CURRENT_TIMESTAMP, CURRENT_TIMESTAMP, NULL);
INSERT INTO concert_seat (id, concert_schedule_id, seat_num, seat_type, seat_price, seat_status, version, created_at, updated_at, deleted_at) VALUES (49, 5, 'A5', 'A', 20000, 'AVAILABLE', 1, CURRENT_TIMESTAMP, CURRENT_TIMESTAMP, NULL);
INSERT INTO concert_seat (id, concert_schedule_id, seat_num, seat_type, seat_price, seat_status, version, created_at, updated_at, deleted_at) VALUES (50, 5, 'A6', 'A', 20000, 'AVAILABLE', 1, CURRENT_TIMESTAMP, CURRENT_TIMESTAMP, NULL);

-- concert_schedule_id가 6인 경우
INSERT INTO concert_seat (id, concert_schedule_id, seat_num, seat_type, seat_price, seat_status, version, created_at, updated_at, deleted_at) VALUES (51, 6, 'S1', 'S', 30000, 'AVAILABLE', 1, CURRENT_TIMESTAMP, CURRENT_TIMESTAMP, NULL);
INSERT INTO concert_seat (id, concert_schedule_id, seat_num, seat_type, seat_price, seat_status, version, created_at, updated_at, deleted_at) VALUES (52, 6, 'S2', 'S', 30000, 'AVAILABLE', 1, CURRENT_TIMESTAMP, CURRENT_TIMESTAMP, NULL);
INSERT INTO concert_seat (id, concert_schedule_id, seat_num, seat_type, seat_price, seat_status, version, created_at, updated_at, deleted_at) VALUES (53, 6, 'R1', 'R', 25000, 'AVAILABLE', 1, CURRENT_TIMESTAMP, CURRENT_TIMESTAMP, NULL);
INSERT INTO concert_seat (id, concert_schedule_id, seat_num, seat_type, seat_price, seat_status, version, created_at, updated_at, deleted_at) VALUES (54, 6, 'R2', 'R', 25000, 'AVAILABLE', 1, CURRENT_TIMESTAMP, CURRENT_TIMESTAMP, NULL);
INSERT INTO concert_seat (id, concert_schedule_id, seat_num, seat_type, seat_price, seat_status, version, created_at, updated_at, deleted_at) VALUES (55, 6, 'A1', 'A', 20000, 'AVAILABLE', 1, CURRENT_TIMESTAMP, CURRENT_TIMESTAMP, NULL);
INSERT INTO concert_seat (id, concert_schedule_id, seat_num, seat_type, seat_price, seat_status, version, created_at, updated_at, deleted_at) VALUES (56, 6, 'A2', 'A', 20000, 'AVAILABLE', 1, CURRENT_TIMESTAMP, CURRENT_TIMESTAMP, NULL);
INSERT INTO concert_seat (id, concert_schedule_id, seat_num, seat_type, seat_price, seat_status, version, created_at, updated_at, deleted_at) VALUES (57, 6, 'A3', 'A', 20000, 'AVAILABLE', 1, CURRENT_TIMESTAMP, CURRENT_TIMESTAMP, NULL);
INSERT INTO concert_seat (id, concert_schedule_id, seat_num, seat_type, seat_price, seat_status, version, created_at, updated_at, deleted_at) VALUES (58, 6, 'A4', 'A', 20000, 'AVAILABLE', 1, CURRENT_TIMESTAMP, CURRENT_TIMESTAMP, NULL);
INSERT INTO concert_seat (id, concert_schedule_id, seat_num, seat_type, seat_price, seat_status, version, created_at, updated_at, deleted_at) VALUES (59, 6, 'A5', 'A', 20000, 'AVAILABLE', 1, CURRENT_TIMESTAMP, CURRENT_TIMESTAMP, NULL);
INSERT INTO concert_seat (id, concert_schedule_id, seat_num, seat_type, seat_price, seat_status, version, created_at, updated_at, deleted_at) VALUES (60, 6, 'A6', 'A', 20000, 'AVAILABLE', 1, CURRENT_TIMESTAMP, CURRENT_TIMESTAMP, NULL);

-- concert_schedule_id가 7인 경우
INSERT INTO concert_seat (id, concert_schedule_id, seat_num, seat_type, seat_price, seat_status, version, created_at, updated_at, deleted_at) VALUES (61, 7, 'S1', 'S', 30000, 'AVAILABLE', 1, CURRENT_TIMESTAMP, CURRENT_TIMESTAMP, NULL);
INSERT INTO concert_seat (id, concert_schedule_id, seat_num, seat_type, seat_price, seat_status, version, created_at, updated_at, deleted_at) VALUES (62, 7, 'S2', 'S', 30000, 'AVAILABLE', 1, CURRENT_TIMESTAMP, CURRENT_TIMESTAMP, NULL);
INSERT INTO concert_seat (id, concert_schedule_id, seat_num, seat_type, seat_price, seat_status, version, created_at, updated_at, deleted_at) VALUES (63, 7, 'R1', 'R', 25000, 'AVAILABLE', 1, CURRENT_TIMESTAMP, CURRENT_TIMESTAMP, NULL);
INSERT INTO concert_seat (id, concert_schedule_id, seat_num, seat_type, seat_price, seat_status, version, created_at, updated_at, deleted_at) VALUES (64, 7, 'R2', 'R', 25000, 'AVAILABLE', 1, CURRENT_TIMESTAMP, CURRENT_TIMESTAMP, NULL);
INSERT INTO concert_seat (id, concert_schedule_id, seat_num, seat_type, seat_price, seat_status, version, created_at, updated_at, deleted_at) VALUES (65, 7, 'A1', 'A', 20000, 'AVAILABLE', 1, CURRENT_TIMESTAMP, CURRENT_TIMESTAMP, NULL);
INSERT INTO concert_seat (id, concert_schedule_id, seat_num, seat_type, seat_price, seat_status, version, created_at, updated_at, deleted_at) VALUES (66, 7, 'A2', 'A', 20000, 'AVAILABLE', 1, CURRENT_TIMESTAMP, CURRENT_TIMESTAMP, NULL);
INSERT INTO concert_seat (id, concert_schedule_id, seat_num, seat_type, seat_price, seat_status, version, created_at, updated_at, deleted_at) VALUES (67, 7, 'A3', 'A', 20000, 'AVAILABLE', 1, CURRENT_TIMESTAMP, CURRENT_TIMESTAMP, NULL);
INSERT INTO concert_seat (id, concert_schedule_id, seat_num, seat_type, seat_price, seat_status, version, created_at, updated_at, deleted_at) VALUES (68, 7, 'A4', 'A', 20000, 'AVAILABLE', 1, CURRENT_TIMESTAMP, CURRENT_TIMESTAMP, NULL);
INSERT INTO concert_seat (id, concert_schedule_id, seat_num, seat_type, seat_price, seat_status, version, created_at, updated_at, deleted_at) VALUES (69, 7, 'A5', 'A', 20000, 'AVAILABLE', 1, CURRENT_TIMESTAMP, CURRENT_TIMESTAMP, NULL);
INSERT INTO concert_seat (id, concert_schedule_id, seat_num, seat_type, seat_price, seat_status, version, created_at, updated_at, deleted_at) VALUES (70, 7, 'A6', 'A', 20000, 'AVAILABLE', 1, CURRENT_TIMESTAMP, CURRENT_TIMESTAMP, NULL);

-- concert_schedule_id가 8인 경우
INSERT INTO concert_seat (id, concert_schedule_id, seat_num, seat_type, seat_price, seat_status, version, created_at, updated_at, deleted_at) VALUES (71, 8, 'S1', 'S', 30000, 'AVAILABLE', 1, CURRENT_TIMESTAMP, CURRENT_TIMESTAMP, NULL);
INSERT INTO concert_seat (id, concert_schedule_id, seat_num, seat_type, seat_price, seat_status, version, created_at, updated_at, deleted_at) VALUES (72, 8, 'S2', 'S', 30000, 'AVAILABLE', 1, CURRENT_TIMESTAMP, CURRENT_TIMESTAMP, NULL);
INSERT INTO concert_seat (id, concert_schedule_id, seat_num, seat_type, seat_price, seat_status, version, created_at, updated_at, deleted_at) VALUES (73, 8, 'R1', 'R', 25000, 'AVAILABLE', 1, CURRENT_TIMESTAMP, CURRENT_TIMESTAMP, NULL);
INSERT INTO concert_seat (id, concert_schedule_id, seat_num, seat_type, seat_price, seat_status, version, created_at, updated_at, deleted_at) VALUES (74, 8, 'R2', 'R', 25000, 'AVAILABLE', 1, CURRENT_TIMESTAMP, CURRENT_TIMESTAMP, NULL);
INSERT INTO concert_seat (id, concert_schedule_id, seat_num, seat_type, seat_price, seat_status, version, created_at, updated_at, deleted_at) VALUES (75, 8, 'A1', 'A', 20000, 'AVAILABLE', 1, CURRENT_TIMESTAMP, CURRENT_TIMESTAMP, NULL);
INSERT INTO concert_seat (id, concert_schedule_id, seat_num, seat_type, seat_price, seat_status, version, created_at, updated_at, deleted_at) VALUES (76, 8, 'A2', 'A', 20000, 'AVAILABLE', 1, CURRENT_TIMESTAMP, CURRENT_TIMESTAMP, NULL);
INSERT INTO concert_seat (id, concert_schedule_id, seat_num, seat_type, seat_price, seat_status, version, created_at, updated_at, deleted_at) VALUES (77, 8, 'A3', 'A', 20000, 'AVAILABLE', 1, CURRENT_TIMESTAMP, CURRENT_TIMESTAMP, NULL);
INSERT INTO concert_seat (id, concert_schedule_id, seat_num, seat_type, seat_price, seat_status, version, created_at, updated_at, deleted_at) VALUES (78, 8, 'A4', 'A', 20000, 'AVAILABLE', 1, CURRENT_TIMESTAMP, CURRENT_TIMESTAMP, NULL);
INSERT INTO concert_seat (id, concert_schedule_id, seat_num, seat_type, seat_price, seat_status, version, created_at, updated_at, deleted_at) VALUES (79, 8, 'A5', 'A', 20000, 'AVAILABLE', 1, CURRENT_TIMESTAMP, CURRENT_TIMESTAMP, NULL);
INSERT INTO concert_seat (id, concert_schedule_id, seat_num, seat_type, seat_price, seat_status, version, created_at, updated_at, deleted_at) VALUES (80, 8, 'A6', 'A', 20000, 'AVAILABLE', 1, CURRENT_TIMESTAMP, CURRENT_TIMESTAMP, NULL);

-- concert_schedule_id가 9인 경우
INSERT INTO concert_seat (id, concert_schedule_id, seat_num, seat_type, seat_price, seat_status, version, created_at, updated_at, deleted_at) VALUES (81, 9, 'S1', 'S', 30000, 'AVAILABLE', 1, CURRENT_TIMESTAMP, CURRENT_TIMESTAMP, NULL);
INSERT INTO concert_seat (id, concert_schedule_id, seat_num, seat_type, seat_price, seat_status, version, created_at, updated_at, deleted_at) VALUES (82, 9, 'S2', 'S', 30000, 'AVAILABLE', 1, CURRENT_TIMESTAMP, CURRENT_TIMESTAMP, NULL);
INSERT INTO concert_seat (id, concert_schedule_id, seat_num, seat_type, seat_price, seat_status, version, created_at, updated_at, deleted_at) VALUES (83, 9, 'R1', 'R', 25000, 'AVAILABLE', 1, CURRENT_TIMESTAMP, CURRENT_TIMESTAMP, NULL);
INSERT INTO concert_seat (id, concert_schedule_id, seat_num, seat_type, seat_price, seat_status, version, created_at, updated_at, deleted_at) VALUES (84, 9, 'R2', 'R', 25000, 'AVAILABLE', 1, CURRENT_TIMESTAMP, CURRENT_TIMESTAMP, NULL);
INSERT INTO concert_seat (id, concert_schedule_id, seat_num, seat_type, seat_price, seat_status, version, created_at, updated_at, deleted_at) VALUES (85, 9, 'A1', 'A', 20000, 'AVAILABLE', 1, CURRENT_TIMESTAMP, CURRENT_TIMESTAMP, NULL);
INSERT INTO concert_seat (id, concert_schedule_id, seat_num, seat_type, seat_price, seat_status, version, created_at, updated_at, deleted_at) VALUES (86, 9, 'A2', 'A', 20000, 'AVAILABLE', 1, CURRENT_TIMESTAMP, CURRENT_TIMESTAMP, NULL);
INSERT INTO concert_seat (id, concert_schedule_id, seat_num, seat_type, seat_price, seat_status, version, created_at, updated_at, deleted_at) VALUES (87, 9, 'A3', 'A', 20000, 'AVAILABLE', 1, CURRENT_TIMESTAMP, CURRENT_TIMESTAMP, NULL);
INSERT INTO concert_seat (id, concert_schedule_id, seat_num, seat_type, seat_price, seat_status, version, created_at, updated_at, deleted_at) VALUES (88, 9, 'A4', 'A', 20000, 'AVAILABLE', 1, CURRENT_TIMESTAMP, CURRENT_TIMESTAMP, NULL);
INSERT INTO concert_seat (id, concert_schedule_id, seat_num, seat_type, seat_price, seat_status, version, created_at, updated_at, deleted_at) VALUES (89, 9, 'A5', 'A', 20000, 'AVAILABLE', 1, CURRENT_TIMESTAMP, CURRENT_TIMESTAMP, NULL);
INSERT INTO concert_seat (id, concert_schedule_id, seat_num, seat_type, seat_price, seat_status, version, created_at, updated_at, deleted_at) VALUES (90, 9, 'A6', 'A', 20000, 'AVAILABLE', 1, CURRENT_TIMESTAMP, CURRENT_TIMESTAMP, NULL);

-- concert_schedule_id가 10인 경우
INSERT INTO concert_seat (id, concert_schedule_id, seat_num, seat_type, seat_price, seat_status, version, created_at, updated_at, deleted_at) VALUES (91, 10, 'S1', 'S', 30000, 'AVAILABLE', 1, CURRENT_TIMESTAMP, CURRENT_TIMESTAMP, NULL);
INSERT INTO concert_seat (id, concert_schedule_id, seat_num, seat_type, seat_price, seat_status, version, created_at, updated_at, deleted_at) VALUES (92, 10, 'S2', 'S', 30000, 'AVAILABLE', 1, CURRENT_TIMESTAMP, CURRENT_TIMESTAMP, NULL);
INSERT INTO concert_seat (id, concert_schedule_id, seat_num, seat_type, seat_price, seat_status, version, created_at, updated_at, deleted_at) VALUES (93, 10, 'R1', 'R', 25000, 'AVAILABLE', 1, CURRENT_TIMESTAMP, CURRENT_TIMESTAMP, NULL);
INSERT INTO concert_seat (id, concert_schedule_id, seat_num, seat_type, seat_price, seat_status, version, created_at, updated_at, deleted_at) VALUES (94, 10, 'R2', 'R', 25000, 'AVAILABLE', 1, CURRENT_TIMESTAMP, CURRENT_TIMESTAMP, NULL);
INSERT INTO concert_seat (id, concert_schedule_id, seat_num, seat_type, seat_price, seat_status, version, created_at, updated_at, deleted_at) VALUES (95, 10, 'A1', 'A', 20000, 'AVAILABLE', 1, CURRENT_TIMESTAMP, CURRENT_TIMESTAMP, NULL);
INSERT INTO concert_seat (id, concert_schedule_id, seat_num, seat_type, seat_price, seat_status, version, created_at, updated_at, deleted_at) VALUES (96, 10, 'A2', 'A', 20000, 'AVAILABLE', 1, CURRENT_TIMESTAMP, CURRENT_TIMESTAMP, NULL);
INSERT INTO concert_seat (id, concert_schedule_id, seat_num, seat_type, seat_price, seat_status, version, created_at, updated_at, deleted_at) VALUES (97, 10, 'A3', 'A', 20000, 'AVAILABLE', 1, CURRENT_TIMESTAMP, CURRENT_TIMESTAMP, NULL);
INSERT INTO concert_seat (id, concert_schedule_id, seat_num, seat_type, seat_price, seat_status, version, created_at, updated_at, deleted_at) VALUES (98, 10, 'A4', 'A', 20000, 'AVAILABLE', 1, CURRENT_TIMESTAMP, CURRENT_TIMESTAMP, NULL);
INSERT INTO concert_seat (id, concert_schedule_id, seat_num, seat_type, seat_price, seat_status, version, created_at, updated_at, deleted_at) VALUES (99, 10, 'A5', 'A', 20000, 'AVAILABLE', 1, CURRENT_TIMESTAMP, CURRENT_TIMESTAMP, NULL);
INSERT INTO concert_seat (id, concert_schedule_id, seat_num, seat_type, seat_price, seat_status, version, created_at, updated_at, deleted_at) VALUES (100, 10, 'A6', 'A', 20000, 'AVAILABLE', 1, CURRENT_TIMESTAMP, CURRENT_TIMESTAMP, NULL);

-- -- UserPoint 더미 데이터 삽입
INSERT INTO users (id, name, point, created_at, updated_at, deleted_at) VALUES (1, '유저1', 40000, CURRENT_TIMESTAMP, CURRENT_TIMESTAMP, NULL);
INSERT INTO users (id, name, point, created_at, updated_at, deleted_at) VALUES (2, '유저2', 55000, CURRENT_TIMESTAMP, CURRENT_TIMESTAMP, NULL);
INSERT INTO users (id, name, point, created_at, updated_at, deleted_at) VALUES (3, '유저3', 55000, CURRENT_TIMESTAMP, CURRENT_TIMESTAMP, NULL);
INSERT INTO users (id, name, point, created_at, updated_at, deleted_at) VALUES (4, '유저4', 50000, CURRENT_TIMESTAMP, CURRENT_TIMESTAMP, NULL);

-- -- 1번 유저의 예약: 5번과 6번 좌석
-- INSERT INTO reservation (id, user_id, concert_schedule_id, total_price, reserved, reserve_request_at, reserve_expired_at, reserved_at, created_at, updated_at, version)VALUES (1, 1, 1, 40000, 'TEMP_RESERVED', CURRENT_TIMESTAMP, CURRENT_TIMESTAMP + INTERVAL '5' MINUTE, NULL, CURRENT_TIMESTAMP, CURRENT_TIMESTAMP,1);
--
-- INSERT INTO reservation_seat (id, reservation_id, seat_id, created_at, updated_at)VALUES (1, 1, 5, CURRENT_TIMESTAMP, CURRENT_TIMESTAMP);
--
-- INSERT INTO reservation_seat (id, reservation_id, seat_id, created_at, updated_at)VALUES (2, 1, 6, CURRENT_TIMESTAMP, CURRENT_TIMESTAMP);
--
-- -- 2번 유저의 예약: 1번과 2번 좌석
-- INSERT INTO reservation (id, user_id, concert_schedule_id, total_price, reserved, reserve_request_at, reserve_expired_at, reserved_at, created_at, updated_at, version)VALUES (2, 2, 1, 60000, 'TEMP_RESERVED', CURRENT_TIMESTAMP, CURRENT_TIMESTAMP + INTERVAL '5' MINUTE, NULL, CURRENT_TIMESTAMP, CURRENT_TIMESTAMP,1);
--
-- INSERT INTO reservation_seat (id, reservation_id, seat_id, created_at, updated_at)VALUES (3, 2, 1, CURRENT_TIMESTAMP, CURRENT_TIMESTAMP);
--
-- INSERT INTO reservation_seat (id, reservation_id, seat_id, created_at, updated_at)VALUES (4, 2, 2, CURRENT_TIMESTAMP, CURRENT_TIMESTAMP);
--
-- -- 3번 유저의 만료된 예약: 3번과 4번 좌석
-- INSERT INTO reservation (id, user_id, concert_schedule_id, total_price, reserved, reserve_request_at, reserve_expired_at, reserved_at, created_at, updated_at, version)VALUES (3, 3, 1, 25000, 'TEMP_RESERVED', CURRENT_TIMESTAMP, CURRENT_TIMESTAMP + INTERVAL '1' SECOND, NULL, CURRENT_TIMESTAMP, CURRENT_TIMESTAMP,1);
--
-- INSERT INTO reservation_seat (id, reservation_id, seat_id, created_at, updated_at)VALUES (5, 3, 3, CURRENT_TIMESTAMP, CURRENT_TIMESTAMP);
--
-- INSERT INTO reservation_seat (id, reservation_id, seat_id, created_at, updated_at)VALUES (6, 3, 4, CURRENT_TIMESTAMP, CURRENT_TIMESTAMP);

